id,code,name,user_type_id/id,chart_template_id/id,tag_ids/id,reconcile
chart111,111,Cash on hand,account.data_account_type_liquidity,l10n_vn.vn_template,l10n_vn_common.account_account_tag_111,False
chart1112,1112,Foreign currencies,account.data_account_type_liquidity,l10n_vn.vn_template,l10n_vn_common.account_account_tag_111,False
chart1113,1113,Monetary Gold,account.data_account_type_liquidity,l10n_vn.vn_template,l10n_vn_common.account_account_tag_111,False
chart112,112,Cash in banks,account.data_account_type_liquidity,l10n_vn.vn_template,l10n_vn_common.account_account_tag_112,False
l10n_vn.chart1121,1121,Vietnamese Dong,account.data_account_type_liquidity,l10n_vn.vn_template,l10n_vn_common.account_account_tag_112,
l10n_vn.chart1122,1122,Foreign currencies,account.data_account_type_liquidity,l10n_vn.vn_template,l10n_vn_common.account_account_tag_112,
l10n_vn.chart1123,1123,Monetary Gold,account.data_account_type_liquidity,l10n_vn.vn_template,l10n_vn_common.account_account_tag_112,
chart113,113,Cash in transit - VND,account.data_account_type_current_assets,l10n_vn.vn_template,l10n_vn_common.account_account_tag_113,True
chart1132,1132,Foreign currency,account.data_account_type_current_assets,l10n_vn.vn_template,l10n_vn_common.account_account_tag_113,True
chart121,121,Trading Securities,account.data_account_type_current_assets,l10n_vn.vn_template,l10n_vn_common.account_account_tag_121,False
l10n_vn.chart1211,1211,Shares,account.data_account_type_current_assets,l10n_vn.vn_template,"account.account_tag_operating,l10n_vn_common.account_account_tag_121,l10n_vn_common.account_account_tag_1211",
l10n_vn.chart1212,1212,Bonds,account.data_account_type_current_assets,l10n_vn.vn_template,"account.account_tag_operating,l10n_vn_common.account_account_tag_121,l10n_vn_common.account_account_tag_1212",
l10n_vn.chart1218,1218,Other securities and financial instruments,account.data_account_type_current_assets,l10n_vn.vn_template,"account.account_tag_operating,l10n_vn_common.account_account_tag_121",
chart128,128,Held to maturity investments,account.data_account_type_current_assets,l10n_vn.vn_template,l10n_vn_common.account_account_tag_128,True
l10n_vn.chart1281,1281,Term deposits,account.data_account_type_current_assets,l10n_vn.vn_template,"l10n_vn_common.account_account_tag_128,l10n_vn_common.account_account_tag_1281",True
l10n_vn.chart1282,1282,Bonds,account.data_account_type_current_assets,l10n_vn.vn_template,"l10n_vn_common.account_account_tag_128,l10n_vn_common.account_account_tag_1282",True
l10n_vn.chart1283,1283,Lending Loans,account.data_account_type_current_assets,l10n_vn.vn_template,"l10n_vn_common.account_account_tag_128,l10n_vn_common.account_account_tag_1283",True
l10n_vn.chart1288,1288,Other held to maturity investments,account.data_account_type_current_assets,l10n_vn.vn_template,"l10n_vn_common.account_account_tag_128,l10n_vn_common.account_account_tag_1288",True
l10n_vn.chart131,131,Trade receivables,account.data_account_type_receivable,l10n_vn.vn_template,l10n_vn_common.account_account_tag_131,True
l10n_vn.chart132,132,Trade receivables(pos),account.data_account_type_receivable,l10n_vn.vn_template,,True
chart133,133,Deductible VAT,account.data_account_type_current_assets,l10n_vn.vn_template,l10n_vn_common.account_account_tag_133,False
l10n_vn.chart1331,1331,VAT on purchase of goods and services,account.data_account_type_current_assets,l10n_vn.vn_template,l10n_vn_common.account_account_tag_133,
l10n_vn.chart1332,1332,VAT on purchase of fixed assets,account.data_account_type_current_assets,l10n_vn.vn_template,l10n_vn_common.account_account_tag_133,
chart136,136,Intra-company receivables,account.data_account_type_receivable,l10n_vn.vn_template,l10n_vn_common.account_account_tag_136,True
l10n_vn.chart1361,1361,Working capital provided to sub-units,account.data_account_type_receivable,l10n_vn.vn_template,"l10n_vn_common.account_account_tag_136,l10n_vn_common.account_account_tag_1361",True
l10n_vn.chart1362,1362,Intra-company receivables on foreign exchange defferences,account.data_account_type_receivable,l10n_vn.vn_template,"l10n_vn_common.account_account_tag_136,l10n_vn_common.account_account_tag_1362",True
l10n_vn.chart1363,1363,Intra-company receivables on borrowing costs eligible to be capitalized,account.data_account_type_receivable,l10n_vn.vn_template,"l10n_vn_common.account_account_tag_136,l10n_vn_common.account_account_tag_1363",True
l10n_vn.chart1368,1368,Other intra-company receivables,account.data_account_type_receivable,l10n_vn.vn_template,"l10n_vn_common.account_account_tag_136,l10n_vn_common.account_account_tag_1368",True
chart138,138,Other receivables,account.data_account_type_current_assets,l10n_vn.vn_template,l10n_vn_common.account_account_tag_138,True
l10n_vn.chart1381,1381,Shortage of assets awaiting resolution,account.data_account_type_current_assets,l10n_vn.vn_template,"account.account_tag_operating,l10n_vn_common.account_account_tag_138,l10n_vn_common.account_account_tag_1381",True
l10n_vn.chart1385,1385,Receivables from equitization,account.data_account_type_current_assets,l10n_vn.vn_template,"account.account_tag_operating,l10n_vn_common.account_account_tag_138,l10n_vn_common.account_account_tag_1385",True
l10n_vn.chart1388,1388,Others,account.data_account_type_current_assets,l10n_vn.vn_template,"account.account_tag_operating,l10n_vn_common.account_account_tag_138,l10n_vn_common.account_account_tag_1388",True
l10n_vn.chart141,141,Advances,account.data_account_type_receivable,l10n_vn.vn_template,l10n_vn_common.account_account_tag_141,True
l10n_vn.chart151,151,Goods in transit,account.data_account_type_current_assets,l10n_vn.vn_template,"account.account_tag_operating,l10n_vn_common.account_account_tag_151",False
l10n_vn.chart152,152,Raw materials,account.data_account_type_current_assets,l10n_vn.vn_template,"account.account_tag_operating,l10n_vn_common.account_account_tag_152",
chart153,153,Tools and supplies,account.data_account_type_current_assets,l10n_vn.vn_template,l10n_vn_common.account_account_tag_153,False
l10n_vn.chart1531,1531,Tools and supplies,account.data_account_type_current_assets,l10n_vn.vn_template,"account.account_tag_operating,l10n_vn_common.account_account_tag_153",
l10n_vn.chart1532,1532,Reusable packaging materials,account.data_account_type_current_assets,l10n_vn.vn_template,"account.account_tag_operating,l10n_vn_common.account_account_tag_153",
l10n_vn.chart1533,1533,Instruments for renting,account.data_account_type_current_assets,l10n_vn.vn_template,"account.account_tag_operating,l10n_vn_common.account_account_tag_153",
l10n_vn.chart1534,1534,Equipment and spare parts for replacement,account.data_account_type_current_assets,l10n_vn.vn_template,"account.account_tag_operating,l10n_vn_common.account_account_tag_153,l10n_vn_common.account_account_tag_1534",
chart154,154,Work in progress,account.data_account_type_current_assets,l10n_vn.vn_template,"account.account_tag_operating,l10n_vn_common.account_account_tag_154",
l10n_vn.chart1541,1541,Construction contracts,account.data_account_type_current_assets,l10n_vn.vn_template,"account.account_tag_operating,l10n_vn_common.account_account_tag_154",
l10n_vn.chart1542,1542,Other products,account.data_account_type_current_assets,l10n_vn.vn_template,"account.account_tag_operating,l10n_vn_common.account_account_tag_154",
l10n_vn.chart1543,1543,Services,account.data_account_type_current_assets,l10n_vn.vn_template,"account.account_tag_operating,l10n_vn_common.account_account_tag_154",
l10n_vn.chart1544,1544,Warranty costs,account.data_account_type_current_assets,l10n_vn.vn_template,"account.account_tag_operating,l10n_vn_common.account_account_tag_154",
chart155,155,Finished goods,account.data_account_type_current_assets,l10n_vn.vn_template,"account.account_tag_operating,l10n_vn_common.account_account_tag_155",False
l10n_vn.chart1551,1551,Finished products - inventory,account.data_account_type_current_assets,l10n_vn.vn_template,"account.account_tag_operating,l10n_vn_common.account_account_tag_155",
l10n_vn.chart1557,1557,Finished products - real estate,account.data_account_type_current_assets,l10n_vn.vn_template,"account.account_tag_operating,l10n_vn_common.account_account_tag_155",
chart156,156,Merchandise inventories,account.data_account_type_current_assets,l10n_vn.vn_template,l10n_vn_common.account_account_tag_156,False
l10n_vn.chart1561,1561,Purchase costs,account.data_account_type_current_assets,l10n_vn.vn_template,"account.account_tag_operating,l10n_vn_common.account_account_tag_156",
l10n_vn.chart1562,1562,Incident purchase costs,account.data_account_type_current_assets,l10n_vn.vn_template,"account.account_tag_operating,l10n_vn_common.account_account_tag_156",
l10n_vn.chart1567,1567,Properties held for sale,account.data_account_type_current_assets,l10n_vn.vn_template,"account.account_tag_operating,l10n_vn_common.account_account_tag_156",
l10n_vn.chart157,157,Outward goods on consignment,account.data_account_type_current_assets,l10n_vn.vn_template,"account.account_tag_operating,l10n_vn_common.account_account_tag_157",
l10n_vn.chart158,158,Goods in bonded warehouse,account.data_account_type_current_assets,l10n_vn.vn_template,"account.account_tag_operating,l10n_vn_common.account_account_tag_158",
chart161,161,Non-business expenditure out of funds received from the State,account.data_account_type_current_assets,l10n_vn.vn_template,l10n_vn_common.account_account_tag_161,False
l10n_vn.chart1611,1611,Expenditure broght forward,account.data_account_type_current_assets,l10n_vn.vn_template,l10n_vn_common.account_account_tag_161,
l10n_vn.chart1612,1612,Expenditure of current year,account.data_account_type_current_assets,l10n_vn.vn_template,l10n_vn_common.account_account_tag_161,
l10n_vn.chart171,171,Government bonds purchased for resale,account.data_account_type_current_assets,l10n_vn.vn_template,l10n_vn_common.account_account_tag_171,
chart211,211,Tangible fixed assets,account.data_account_type_fixed_assets,l10n_vn.vn_template,l10n_vn_common.account_account_tag_211,False
l10n_vn.chart2111,2111,Buildings and structures,account.data_account_type_fixed_assets,l10n_vn.vn_template,"l10n_vn_common.account_account_tag_211,l10n_vn_common.account_account_tag_2111",
l10n_vn.chart2112,2112,Machinery and equipment,account.data_account_type_fixed_assets,l10n_vn.vn_template,l10n_vn_common.account_account_tag_211,
l10n_vn.chart2113,2113,Means of transportation and transmission,account.data_account_type_fixed_assets,l10n_vn.vn_template,l10n_vn_common.account_account_tag_211,
l10n_vn.chart2114,2114,Office equipment and furniture,account.data_account_type_fixed_assets,l10n_vn.vn_template,l10n_vn_common.account_account_tag_211,
l10n_vn.chart2115,2115,"Perennial plants, working animals and farm livestocks",account.data_account_type_fixed_assets,l10n_vn.vn_template,l10n_vn_common.account_account_tag_211,
l10n_vn.chart2118,2118,Other fixed assets,account.data_account_type_fixed_assets,l10n_vn.vn_template,l10n_vn_common.account_account_tag_211,
chart212,212,Finance lease fixed assets,account.data_account_type_fixed_assets,l10n_vn.vn_template,l10n_vn_common.account_account_tag_212,False
l10n_vn.chart2121,2121,Finance lease tangible fixed assets,account.data_account_type_fixed_assets,l10n_vn.vn_template,l10n_vn_common.account_account_tag_212,
l10n_vn.chart2122,2122,Finance lease intangible fixed assets,account.data_account_type_fixed_assets,l10n_vn.vn_template,l10n_vn_common.account_account_tag_212,
chart213,213,Intangible fixed assets,account.data_account_type_fixed_assets,l10n_vn.vn_template,l10n_vn_common.account_account_tag_213,False
l10n_vn.chart2131,2131,Land use rights,account.data_account_type_fixed_assets,l10n_vn.vn_template,l10n_vn_common.account_account_tag_213,
l10n_vn.chart2132,2132,Copyrights,account.data_account_type_fixed_assets,l10n_vn.vn_template,l10n_vn_common.account_account_tag_213,
l10n_vn.chart2133,2133,Patents and inventions,account.data_account_type_fixed_assets,l10n_vn.vn_template,l10n_vn_common.account_account_tag_213,
l10n_vn.chart2134,2134,Product labels and trademarks,account.data_account_type_fixed_assets,l10n_vn.vn_template,l10n_vn_common.account_account_tag_213,
l10n_vn.chart2135,2135,Computer software,account.data_account_type_fixed_assets,l10n_vn.vn_template,l10n_vn_common.account_account_tag_213,
l10n_vn.chart2136,2136,Licences and franchises,account.data_account_type_fixed_assets,l10n_vn.vn_template,l10n_vn_common.account_account_tag_213,
l10n_vn.chart2138,2138,Other intangible fixed assets,account.data_account_type_fixed_assets,l10n_vn.vn_template,l10n_vn_common.account_account_tag_213,
chart214,214,Deprecation of fixed assets,account.data_account_type_depreciation,l10n_vn.vn_template,l10n_vn_common.account_account_tag_214,False
l10n_vn.chart2141,2141,Deprecation of tangible fixed assets,account.data_account_type_depreciation,l10n_vn.vn_template,"l10n_vn_common.account_account_tag_214,l10n_vn_common.account_account_tag_2141",
l10n_vn.chart2142,2142,Deprecation of finance lease fixed assets,account.data_account_type_depreciation,l10n_vn.vn_template,l10n_vn_common.account_account_tag_214,
l10n_vn.chart2143,2143,Amortisation of intangible assets,account.data_account_type_depreciation,l10n_vn.vn_template,"l10n_vn_common.account_account_tag_214,l10n_vn_common.account_account_tag_2143",
l10n_vn.chart2147,2147,Deprecation of of investment properties,account.data_account_type_depreciation,l10n_vn.vn_template,"l10n_vn_common.account_account_tag_214,l10n_vn_common.account_account_tag_2147",
l10n_vn.chart217,217,Investment properties,account.data_account_type_fixed_assets,l10n_vn.vn_template,l10n_vn_common.account_account_tag_217,
l10n_vn.chart221,221,Investments in subsidiaries,account.data_account_type_non_current_assets,l10n_vn.vn_template,"account.account_tag_investing,l10n_vn_common.account_account_tag_221",
l10n_vn.chart222,222,Investments in joint ventures and associates,account.data_account_type_non_current_assets,l10n_vn.vn_template,"account.account_tag_investing,l10n_vn_common.account_account_tag_222",
chart228,228,Other investments,account.data_account_type_non_current_assets,l10n_vn.vn_template,l10n_vn_common.account_account_tag_228,False
l10n_vn.chart2281,2281,Investments in equity of other entities,account.data_account_type_non_current_assets,l10n_vn.vn_template,"account.account_tag_investing,l10n_vn_common.account_account_tag_228,l10n_vn_common.account_account_tag_2281",
chart2288,2288,Other investments,account.data_account_type_non_current_assets,l10n_vn.vn_template,"account.account_tag_investing,l10n_vn_common.account_account_tag_228,l10n_vn_common.account_account_tag_2288",
chart229,229,Allowance for impairment of assets (credit balance),account.data_account_type_non_current_assets,l10n_vn.vn_template,l10n_vn_common.account_account_tag_229,False
l10n_vn.chart2291,2291,Allowances for decline in value of trading securities,account.data_account_type_non_current_assets,l10n_vn.vn_template,"l10n_vn_common.account_account_tag_229,l10n_vn_common.account_account_tag_2291",
l10n_vn.chart2292,2292,Allowances for impairment of investments in other entities,account.data_account_type_non_current_assets,l10n_vn.vn_template,"l10n_vn_common.account_account_tag_229,l10n_vn_common.account_account_tag_2292",
l10n_vn.chart2293,2293,Allowances for doubtful debts,account.data_account_type_non_current_assets,l10n_vn.vn_template,"l10n_vn_common.account_account_tag_229,l10n_vn_common.account_account_tag_2293",
l10n_vn.chart2294,2294,Allowances for inventories,account.data_account_type_non_current_assets,l10n_vn.vn_template,"l10n_vn_common.account_account_tag_229,l10n_vn_common.account_account_tag_2294",
chart241,241,Construction in progress,account.data_account_type_non_current_assets,l10n_vn.vn_template,l10n_vn_common.account_account_tag_241,False
l10n_vn.chart2411,2411,Fixed assets prior to commissioning,account.data_account_type_non_current_assets,l10n_vn.vn_template,"l10n_vn_common.account_account_tag_241,l10n_vn_common.account_account_tag_2411",
l10n_vn.chart2412,2412,Construction works,account.data_account_type_non_current_assets,l10n_vn.vn_template,"l10n_vn_common.account_account_tag_241",
l10n_vn.chart2413,2413,Major repairs of fixed assets,account.data_account_type_non_current_assets,l10n_vn.vn_template,l10n_vn_common.account_account_tag_241,
l10n_vn.chart242,242,Prepaid expenses,account.data_account_type_non_current_assets,l10n_vn.vn_template,l10n_vn_common.account_account_tag_242,
l10n_vn.chart243,243,Deferred tax assets,account.data_account_type_non_current_assets,l10n_vn.vn_template,l10n_vn_common.account_account_tag_243,
l10n_vn.chart244,244,"Mortgage, collaterals and deposits",account.data_account_type_non_current_assets,l10n_vn.vn_template,l10n_vn_common.account_account_tag_244,False
l10n_vn.chart331,331,Trade payables,account.data_account_type_payable,l10n_vn.vn_template,l10n_vn_common.account_account_tag_331,True
chart333,333,Taxes and other payables to State Budget,account.data_account_type_current_liabilities,l10n_vn.vn_template,"l10n_vn_common.account_account_tag_333",True
chart3331,3331,Value Added Tax (VAT),account.data_account_type_current_liabilities,l10n_vn.vn_template,"l10n_vn_common.account_account_tag_333,l10n_vn_common.account_account_tag_3331",True
l10n_vn.chart33311,33311,Output VAT,account.data_account_type_current_liabilities,l10n_vn.vn_template,"l10n_vn_common.account_account_tag_333,l10n_vn_common.account_account_tag_3331",True
l10n_vn.chart33312,33312,VAT on imported goods,account.data_account_type_current_liabilities,l10n_vn.vn_template,"l10n_vn_common.account_account_tag_333,l10n_vn_common.account_account_tag_3331",True
l10n_vn.chart3332,3332,Special consumption tax,account.data_account_type_current_liabilities,l10n_vn.vn_template,l10n_vn_common.account_account_tag_333,True
l10n_vn.chart3333,3333,Import and export tax,account.data_account_type_current_liabilities,l10n_vn.vn_template,l10n_vn_common.account_account_tag_333,True
l10n_vn.chart3334,3334,Corporate income tax,account.data_account_type_current_liabilities,l10n_vn.vn_template,"l10n_vn_common.account_account_tag_333,l10n_vn_common.account_account_tag_3334",True
l10n_vn.chart3335,3335,Personal income tax,account.data_account_type_current_liabilities,l10n_vn.vn_template,l10n_vn_common.account_account_tag_333,True
l10n_vn.chart3336,3336,Tax on use of natural resources,account.data_account_type_current_liabilities,l10n_vn.vn_template,l10n_vn_common.account_account_tag_333,True
l10n_vn.chart3337,3337,"Land and housing tax, and rental charges",account.data_account_type_current_liabilities,l10n_vn.vn_template,l10n_vn_common.account_account_tag_333,True
chart3338,3338,Environment protection tax and other taxes,account.data_account_type_current_liabilities,l10n_vn.vn_template,"l10n_vn_common.account_account_tag_333,l10n_vn_common.account_account_tag_3338",True
l10n_vn.chart33381,33381,Environment protection tax,account.data_account_type_current_liabilities,l10n_vn.vn_template,"l10n_vn_common.account_account_tag_333,l10n_vn_common.account_account_tag_3338",True
l10n_vn.chart33382,33382,Other taxed,account.data_account_type_current_liabilities,l10n_vn.vn_template,"l10n_vn_common.account_account_tag_333,l10n_vn_common.account_account_tag_3338",True
l10n_vn.chart3339,3339,"Fees, charges and other payables",account.data_account_type_payable,l10n_vn.vn_template,l10n_vn_common.account_account_tag_333,True
chart334,334,Paybles to employees,account.data_account_type_payable,l10n_vn.vn_template,l10n_vn_common.account_account_tag_334,True
l10n_vn.chart3341,3341,Payables to staff,account.data_account_type_payable,l10n_vn.vn_template,l10n_vn_common.account_account_tag_334,True
chart3342,3342,Payables to others,account.data_account_type_payable,l10n_vn.vn_template,l10n_vn_common.account_account_tag_334,True
l10n_vn.chart3348,3348,Payables to others,account.data_account_type_payable,l10n_vn.vn_template,l10n_vn_common.account_account_tag_334,True
l10n_vn.chart335,335,Accured Expenses,account.data_account_type_current_liabilities,l10n_vn.vn_template,l10n_vn_common.account_account_tag_335,True
chart336,336,Intra-company payables,account.data_account_type_payable,l10n_vn.vn_template,l10n_vn_common.account_account_tag_336,True
l10n_vn.chart3361,3361,Intra-company payables for operating capital received,account.data_account_type_payable,l10n_vn.vn_template,"l10n_vn_common.account_account_tag_336,l10n_vn_common.account_account_tag_3361",True
l10n_vn.chart3362,3362,Intra-company payables for foreign exchange differences,account.data_account_type_payable,l10n_vn.vn_template,"l10n_vn_common.account_account_tag_336,l10n_vn_common.account_account_tag_3362",True
l10n_vn.chart3363,3363,Intra-company payables for borrowing costs eligible to be capitalized,account.data_account_type_payable,l10n_vn.vn_template,"l10n_vn_common.account_account_tag_336,l10n_vn_common.account_account_tag_3363",True
l10n_vn.chart3368,3368,Other intra-company payables,account.data_account_type_payable,l10n_vn.vn_template,"l10n_vn_common.account_account_tag_336,l10n_vn_common.account_account_tag_3368",True
l10n_vn.chart337,337,Progress billings for construction contracts,account.data_account_type_payable,l10n_vn.vn_template,l10n_vn_common.account_account_tag_337,True
chart338,338,Other payables,account.data_account_type_current_liabilities,l10n_vn.vn_template,l10n_vn_common.account_account_tag_338,True
l10n_vn.chart3381,3381,Surplus of assets awaiting resolution,account.data_account_type_current_liabilities,l10n_vn.vn_template,"account.account_tag_operating,l10n_vn_common.account_account_tag_338",True
l10n_vn.chart3382,3382,Trade union fees,account.data_account_type_current_liabilities,l10n_vn.vn_template,"account.account_tag_operating,l10n_vn_common.account_account_tag_338",True
l10n_vn.chart3383,3383,Social insurance,account.data_account_type_current_liabilities,l10n_vn.vn_template,"account.account_tag_operating,l10n_vn_common.account_account_tag_338",True
l10n_vn.chart3384,3384,Health insurance,account.data_account_type_current_liabilities,l10n_vn.vn_template,"account.account_tag_operating,l10n_vn_common.account_account_tag_338",True
l10n_vn.chart3385,3385,Payables on equitization,account.data_account_type_current_liabilities,l10n_vn.vn_template,"account.account_tag_operating,l10n_vn_common.account_account_tag_338,l10n_vn_common.account_account_tag_3385",True
l10n_vn.chart3386,3386,Unemployment insurance,account.data_account_type_current_liabilities,l10n_vn.vn_template,"account.account_tag_operating,l10n_vn_common.account_account_tag_338",True
l10n_vn.chart3387,3387,Unearned revenue,account.data_account_type_current_liabilities,l10n_vn.vn_template,"account.account_tag_operating,l10n_vn_common.account_account_tag_338,l10n_vn_common.account_account_tag_3387",True
l10n_vn.chart3388,3388,Others,account.data_account_type_current_liabilities,l10n_vn.vn_template,"account.account_tag_operating,l10n_vn_common.account_account_tag_338",True
chart341,341,Borrowings and finance lease liabilities,account.data_account_type_current_liabilities,l10n_vn.vn_template,l10n_vn_common.account_account_tag_341,True
l10n_vn.chart3411,3411,Borrowing loans,account.data_account_type_current_liabilities,l10n_vn.vn_template,"l10n_vn_common.account_account_tag_341,l10n_vn_common.account_account_tag_3411",True
l10n_vn.chart3412,3412,Finance lease liabilities,account.data_account_type_current_liabilities,l10n_vn.vn_template,"l10n_vn_common.account_account_tag_341,l10n_vn_common.account_account_tag_3412",True
chart343,343,Issued bonds,account.data_account_type_current_liabilities,l10n_vn.vn_template,l10n_vn_common.account_account_tag_343,False
l10n_vn.chart3431,3431,Ordinary bonds,account.data_account_type_current_liabilities,l10n_vn.vn_template,"l10n_vn_common.account_account_tag_343,l10n_vn_common.account_account_tag_3431",
l10n_vn.chart34311,34311,Par value of bonds,account.data_account_type_current_liabilities,l10n_vn.vn_template,"l10n_vn_common.account_account_tag_343,l10n_vn_common.account_account_tag_3431,l10n_vn_common.account_account_tag_34311",
l10n_vn.chart34312,34312,Bond discounts,account.data_account_type_current_liabilities,l10n_vn.vn_template,"l10n_vn_common.account_account_tag_343,l10n_vn_common.account_account_tag_3431",
l10n_vn.chart34313,34313,Bond premiums,account.data_account_type_current_liabilities,l10n_vn.vn_template,"l10n_vn_common.account_account_tag_343,l10n_vn_common.account_account_tag_3431,l10n_vn_common.account_account_tag_34313",
l10n_vn.chart3432,3432,Convertible bonds,account.data_account_type_current_liabilities,l10n_vn.vn_template,"l10n_vn_common.account_account_tag_343,l10n_vn_common.account_account_tag_3432",
l10n_vn.chart344,344,Deposits received,account.data_account_type_current_liabilities,l10n_vn.vn_template,l10n_vn_common.account_account_tag_344,False
l10n_vn.chart347,347,Deferred tax liabilities,account.data_account_type_current_liabilities,l10n_vn.vn_template,l10n_vn_common.account_account_tag_347,
chart352,352,Provisions payable,account.data_account_type_current_liabilities,l10n_vn.vn_template,l10n_vn_common.account_account_tag_352,False
l10n_vn.chart3521,3521,Product warranty provisions,account.data_account_type_current_liabilities,l10n_vn.vn_template,l10n_vn_common.account_account_tag_352,
l10n_vn.chart3522,3522,Construction warranty provisions,account.data_account_type_current_liabilities,l10n_vn.vn_template,l10n_vn_common.account_account_tag_352,
l10n_vn.chart3523,3523,Enterprise restructuring provisions,account.data_account_type_current_liabilities,l10n_vn.vn_template,l10n_vn_common.account_account_tag_352,
l10n_vn.chart3524,3524,Other provisions,account.data_account_type_current_liabilities,l10n_vn.vn_template,l10n_vn_common.account_account_tag_352,
chart353,353,Bonus and welfare fund,account.data_account_type_current_liabilities,l10n_vn.vn_template,l10n_vn_common.account_account_tag_353,False
l10n_vn.chart3531,3531,Bonus fund,account.data_account_type_current_liabilities,l10n_vn.vn_template,l10n_vn_common.account_account_tag_353,
l10n_vn.chart3532,3532,Welfare fund,account.data_account_type_current_liabilities,l10n_vn.vn_template,l10n_vn_common.account_account_tag_353,
l10n_vn.chart3533,3533,Welfare fund used for fixed asset acquisitions,account.data_account_type_current_liabilities,l10n_vn.vn_template,l10n_vn_common.account_account_tag_353,
l10n_vn.chart3534,3534,Management bonus fund,account.data_account_type_current_liabilities,l10n_vn.vn_template,l10n_vn_common.account_account_tag_353,
chart356,356,Science and technology development fund,account.data_account_type_current_liabilities,l10n_vn.vn_template,l10n_vn_common.account_account_tag_356,False
l10n_vn.chart3561,3561,Science and technology development fund,account.data_account_type_current_liabilities,l10n_vn.vn_template,l10n_vn_common.account_account_tag_356,
l10n_vn.chart3562,3562,Science and technology development fund used for fixed asset acquisition,account.data_account_type_current_liabilities,l10n_vn.vn_template,l10n_vn_common.account_account_tag_356,
l10n_vn.chart357,357,Price stabilization fund,account.data_account_type_current_liabilities,l10n_vn.vn_template,l10n_vn_common.account_account_tag_357,
chart411,411,Ownerâ€™s invested equity,account.data_account_type_equity,l10n_vn.vn_template,l10n_vn_common.account_account_tag_411,False
chart4111,4111,Contributed capital,account.data_account_type_equity,l10n_vn.vn_template,"l10n_vn_common.account_account_tag_411,l10n_vn_common.account_account_tag_4111",
l10n_vn.chart41111,41111,Ordinary shares with voting rights,account.data_account_type_equity,l10n_vn.vn_template,"l10n_vn_common.account_account_tag_411,l10n_vn_common.account_account_tag_4111,l10n_vn_common.account_account_tag_41111",
l10n_vn.chart41112,41112,Preference shares,account.data_account_type_equity,l10n_vn.vn_template,"l10n_vn_common.account_account_tag_411,l10n_vn_common.account_account_tag_4111,l10n_vn_common.account_account_tag_41112",
l10n_vn.chart4112,4112,Capital surplus,account.data_account_type_equity,l10n_vn.vn_template,"l10n_vn_common.account_account_tag_411,l10n_vn_common.account_account_tag_4112",
l10n_vn.chart4113,4113,Conversion options on convertible bonds,account.data_account_type_equity,l10n_vn.vn_template,"l10n_vn_common.account_account_tag_411,l10n_vn_common.account_account_tag_4113",
l10n_vn.chart4118,4118,Other capital,account.data_account_type_equity,l10n_vn.vn_template,"l10n_vn_common.account_account_tag_411,l10n_vn_common.account_account_tag_4118",
l10n_vn.chart412,412,Differences upon asset revaluation,account.data_account_type_equity,l10n_vn.vn_template,l10n_vn_common.account_account_tag_412,
chart413,413,Exchange rate differences,account.data_account_type_equity,l10n_vn.vn_template,l10n_vn_common.account_account_tag_413,False
l10n_vn.chart4131,4131,Exchange rate differences upon revaluation of monetary items denominated in foreign currency,account.data_account_type_equity,l10n_vn.vn_template,l10n_vn_common.account_account_tag_413,
l10n_vn.chart4132,4132,Exchange rate differences in pre-operating period,account.data_account_type_equity,l10n_vn.vn_template,l10n_vn_common.account_account_tag_413,
l10n_vn.chart414,414,Investment and development fund,account.data_account_type_equity,l10n_vn.vn_template,l10n_vn_common.account_account_tag_414,
l10n_vn.chart417,417,Enterprise reorganization assistance fund ,account.data_account_type_equity,l10n_vn.vn_template,l10n_vn_common.account_account_tag_417,
l10n_vn.chart418,418,Other equity funds,account.data_account_type_equity,l10n_vn.vn_template,l10n_vn_common.account_account_tag_418,
l10n_vn.chart419,419,Treasury shares,account.data_account_type_equity,l10n_vn.vn_template,l10n_vn_common.account_account_tag_419,
chart421,421,Undistributed profit after tax,account.data_account_type_equity,l10n_vn.vn_template,l10n_vn_common.account_account_tag_421,False
l10n_vn.chart4211,4211,Undistributed profit after tax brought forward,account.data_account_type_equity,l10n_vn.vn_template,"l10n_vn_common.account_account_tag_421,l10n_vn_common.account_account_tag_4211",
l10n_vn.chart4212,4212,Undistributed profit (loss) after tax for the current year,account.data_account_type_equity,l10n_vn.vn_template,"l10n_vn_common.account_account_tag_421,l10n_vn_common.account_account_tag_4212",
l10n_vn.chart441,441,Capital expenditure funds,account.data_account_type_equity,l10n_vn.vn_template,l10n_vn_common.account_account_tag_441,
chart461,461,Non-business funds,account.data_account_type_equity,l10n_vn.vn_template,l10n_vn_common.account_account_tag_461,False
l10n_vn.chart4611,4611,Non-business funds bought forward,account.data_account_type_equity,l10n_vn.vn_template,l10n_vn_common.account_account_tag_461,
l10n_vn.chart4612,4612,Non-business funds for current year,account.data_account_type_equity,l10n_vn.vn_template,l10n_vn_common.account_account_tag_461,
l10n_vn.chart466,466,Non-business funds used for fixed asset acquisitions,account.data_account_type_equity,l10n_vn.vn_template,l10n_vn_common.account_account_tag_466,
chart511,511,Revenues,account.data_account_type_revenue,l10n_vn.vn_template,l10n_vn_common.account_account_tag_511,False
l10n_vn.chart5111,5111,Revenue from sales of merchandises,account.data_account_type_revenue,l10n_vn.vn_template,l10n_vn_common.account_account_tag_511,
l10n_vn.chart5112,5112,Revenue from sales of finished goods,account.data_account_type_revenue,l10n_vn.vn_template,l10n_vn_common.account_account_tag_511,
l10n_vn.chart5113,5113,Revenue from services rendered,account.data_account_type_revenue,l10n_vn.vn_template,l10n_vn_common.account_account_tag_511,
l10n_vn.chart5114,5114,Revenue from government grants,account.data_account_type_revenue,l10n_vn.vn_template,l10n_vn_common.account_account_tag_511,
l10n_vn.chart5117,5117,Revenue from investment properties,account.data_account_type_revenue,l10n_vn.vn_template,"l10n_vn_common.account_account_tag_511,l10n_vn_common.account_account_tag_5117",
l10n_vn.chart5118,5118,Other revenue,account.data_account_type_revenue,l10n_vn.vn_template,l10n_vn_common.account_account_tag_511,
l10n_vn.chart515,515,Financial income,to_account_financial_income.account_account_type_financial_income,l10n_vn.vn_template,"account.account_tag_financing,l10n_vn_common.account_account_tag_515",
chart521,521,Revenue deductions,to_account_income_deduct.account_account_type_revenue_deduct,l10n_vn.vn_template,l10n_vn_common.account_account_tag_521,False
l10n_vn.chart5211,5211,Trade discounts,to_account_income_deduct.account_account_type_revenue_deduct,l10n_vn.vn_template,l10n_vn_common.account_account_tag_521,
l10n_vn.chart5212,5212,Sales returns,to_account_income_deduct.account_account_type_revenue_deduct,l10n_vn.vn_template,l10n_vn_common.account_account_tag_521,
l10n_vn.chart5213,5213,Sales rebates,to_account_income_deduct.account_account_type_revenue_deduct,l10n_vn.vn_template,l10n_vn_common.account_account_tag_521,
chart611,611,Purchases (used for periodic inventory systems),account.data_account_type_expenses,l10n_vn.vn_template,l10n_vn_common.account_account_tag_611,False
l10n_vn.chart6111,6111,Purchases of raw materials,account.data_account_type_expenses,l10n_vn.vn_template,l10n_vn_common.account_account_tag_611,
chart6112,6112,Purchases of goods,account.data_account_type_expenses,l10n_vn.vn_template,l10n_vn_common.account_account_tag_611,
l10n_vn.chart621,621,Direct raw material costs,account.data_account_type_expenses,l10n_vn.vn_template,l10n_vn_common.account_account_tag_621,
l10n_vn.chart622,622,Direct labour costs,account.data_account_type_expenses,l10n_vn.vn_template,l10n_vn_common.account_account_tag_622,
chart623,623,Costs of construction machinery,account.data_account_type_expenses,l10n_vn.vn_template,l10n_vn_common.account_account_tag_623,False
l10n_vn.chart6231,6231,Labour costs,account.data_account_type_expenses,l10n_vn.vn_template,l10n_vn_common.account_account_tag_623,
l10n_vn.chart6232,6232,Material costs,account.data_account_type_expenses,l10n_vn.vn_template,l10n_vn_common.account_account_tag_623,
l10n_vn.chart6233,6233,Production tools and instruments,account.data_account_type_expenses,l10n_vn.vn_template,l10n_vn_common.account_account_tag_623,
l10n_vn.chart6234,6234,Depreciation expense,account.data_account_type_expenses,l10n_vn.vn_template,l10n_vn_common.account_account_tag_623,
l10n_vn.chart6237,6237,Outside services,account.data_account_type_expenses,l10n_vn.vn_template,l10n_vn_common.account_account_tag_623,
l10n_vn.chart6238,6238,Other expenses,account.data_account_type_expenses,l10n_vn.vn_template,l10n_vn_common.account_account_tag_623,
chart627,627,Factory overheads,account.data_account_type_expenses,l10n_vn.vn_template,l10n_vn_common.account_account_tag_627,False
l10n_vn.chart6271,6271,Factory staff costs,account.data_account_type_expenses,l10n_vn.vn_template,l10n_vn_common.account_account_tag_627,
l10n_vn.chart6272,6272,Material costs,account.data_account_type_expenses,l10n_vn.vn_template,l10n_vn_common.account_account_tag_627,
l10n_vn.chart6273,6273,Production tools and instruments,account.data_account_type_expenses,l10n_vn.vn_template,l10n_vn_common.account_account_tag_627,
l10n_vn.chart6274,6274,Fixed asset depreciation,account.data_account_type_expenses,l10n_vn.vn_template,l10n_vn_common.account_account_tag_627,
l10n_vn.chart6277,6277,Outside services,account.data_account_type_expenses,l10n_vn.vn_template,l10n_vn_common.account_account_tag_627,
l10n_vn.chart6278,6278,Outside services,account.data_account_type_expenses,l10n_vn.vn_template,l10n_vn_common.account_account_tag_627,
l10n_vn.chart631,631,Production costs,account.data_account_type_direct_costs,l10n_vn.vn_template,l10n_vn_common.account_account_tag_631,
l10n_vn.chart632,632,Costs of goods sold,account.data_account_type_direct_costs,l10n_vn.vn_template,l10n_vn_common.account_account_tag_632,
l10n_vn.chart635,635,Financial expenses,account.data_account_type_expenses,l10n_vn.vn_template,"account.account_tag_financing,l10n_vn_common.account_account_tag_635",
chart641,641,Selling expenses,account.data_account_type_expenses,l10n_vn.vn_template,l10n_vn_common.account_account_tag_641,False
l10n_vn.chart6411,6411,Staff expenses,account.data_account_type_expenses,l10n_vn.vn_template,l10n_vn_common.account_account_tag_641,
l10n_vn.chart6412,6412,Materials and packing materials,account.data_account_type_expenses,l10n_vn.vn_template,l10n_vn_common.account_account_tag_641,
l10n_vn.chart6413,6413,Tools and instruments,account.data_account_type_expenses,l10n_vn.vn_template,l10n_vn_common.account_account_tag_641,
l10n_vn.chart6414,6414,Fixed asset depreciation,account.data_account_type_expenses,l10n_vn.vn_template,l10n_vn_common.account_account_tag_641,
l10n_vn.chart6415,6415,Warranty expenses,account.data_account_type_expenses,l10n_vn.vn_template,l10n_vn_common.account_account_tag_641,
l10n_vn.chart6417,6417,Outside services,account.data_account_type_expenses,l10n_vn.vn_template,l10n_vn_common.account_account_tag_641,
l10n_vn.chart6418,6418,Other expenses,account.data_account_type_expenses,l10n_vn.vn_template,l10n_vn_common.account_account_tag_641,
chart642,642,General administration expenses,account.data_account_type_expenses,l10n_vn.vn_template,l10n_vn_common.account_account_tag_642,False
l10n_vn.chart6421,6421,Staff expenses,account.data_account_type_expenses,l10n_vn.vn_template,l10n_vn_common.account_account_tag_642,
l10n_vn.chart6422,6422,Office supply expenses,account.data_account_type_expenses,l10n_vn.vn_template,l10n_vn_common.account_account_tag_642,
l10n_vn.chart6423,6423,Office equipment expenses,account.data_account_type_expenses,l10n_vn.vn_template,l10n_vn_common.account_account_tag_642,
l10n_vn.chart6424,6424,Fixed asset depreciation,account.data_account_type_expenses,l10n_vn.vn_template,l10n_vn_common.account_account_tag_642,
l10n_vn.chart6425,6425,"Taxes, fees and charges",account.data_account_type_expenses,l10n_vn.vn_template,l10n_vn_common.account_account_tag_642,
l10n_vn.chart6426,6426,Provision expenses,account.data_account_type_expenses,l10n_vn.vn_template,l10n_vn_common.account_account_tag_642,
l10n_vn.chart6427,6427,Outside services,account.data_account_type_expenses,l10n_vn.vn_template,l10n_vn_common.account_account_tag_642,
l10n_vn.chart6428,6428,Other expenses,account.data_account_type_expenses,l10n_vn.vn_template,l10n_vn_common.account_account_tag_642,
l10n_vn.chart711,711,Other Income,account.data_account_type_other_income,l10n_vn.vn_template,l10n_vn_common.account_account_tag_711,
l10n_vn.chart811,811,Other Expenses,account.data_account_type_expenses,l10n_vn.vn_template,l10n_vn_common.account_account_tag_811,
chart821,821,Income tax expense (benefit),account.data_account_type_expenses,l10n_vn.vn_template,l10n_vn_common.account_account_tag_821,False
l10n_vn.chart8211,8211,Current tax expense,account.data_account_type_expenses,l10n_vn.vn_template,"l10n_vn_common.account_account_tag_821,l10n_vn_common.account_account_tag_8211",
l10n_vn.chart8212,8212,Deferred tax expense (benefit),account.data_account_type_expenses,l10n_vn.vn_template,"l10n_vn_common.account_account_tag_821,l10n_vn_common.account_account_tag_8212",
l10n_vn.chart911,911,Income Summary,account.data_unaffected_earnings,l10n_vn.vn_template,l10n_vn_common.account_account_tag_911,False
